topic,approach,mean,std,coverage
opportunities,semantic,0.022995384137024705,0.1056916434674498,0.08558799242240249
regulation,semantic,0.002584246402029632,0.03294428228786383,0.014960897653859231
physical_risk,semantic,0.0032310684448096623,0.03795368163042976,0.018834701510662067
transition_risk,semantic,0.005467047719807222,0.05011850187219806,0.029946082479234467
disclosure,semantic,0.004963275511776006,0.0478916215973395,0.025610822363627533
